"",".id","nms.k.","model","formula","col.Biotic.Tmin.","SEcol.Biotic.Tmin.","col.Biotic.","SEcol.Biotic.","col.Int.","SEcol.Int.","col.Tmax.Biotic.","SEcol.Tmax.Biotic.","col.Tmax.","SEcol.Tmax.","col.Tmin.","SEcol.Tmin.","col.Tvar.Biotic.","SEcol.Tvar.Biotic.","col.Tvar.","SEcol.Tvar.","ext.Biotic.Tmin.","SEext.Biotic.Tmin.","ext.Biotic.","SEext.Biotic.","ext.Int.","SEext.Int.","ext.Tmax.Biotic.","SEext.Tmax.Biotic.","ext.Tmax.","SEext.Tmax.","ext.Tmin.","SEext.Tmin.","ext.Tvar.Biotic.","SEext.Tvar.Biotic.","ext.Tvar.","SEext.Tvar.","p.Biotic.Tmin.","SEp.Biotic.Tmin.","p.Biotic.","SEp.Biotic.","p.Int.","SEp.Int.","p.Tmax.Biotic.","SEp.Tmax.Biotic.","p.Tmax.","SEp.Tmax.","p.Tmin.","SEp.Tmin.","p.Tvar.Biotic.","SEp.Tvar.Biotic.","p.Tvar.","SEp.Tvar.","psi.Elevation.","SEpsi.Elevation.","psi.Int.","SEpsi.Int.","Converge","CondNum","negLogLike","nPars","n","AIC","delta","AICwt","Rsq","cumltvWt","X1","X2","X..i..","ext.ForestLossCT.","SEext.ForestLossCT.","p.ForestLossCT.","SEp.ForestLossCT.","col.ForestLossCT.","SEcol.ForestLossCT.","col.ForestGainCT.","SEcol.ForestGainCT.","ext.ForestGainCT.","SEext.ForestGainCT.","p.ForestGainCT.","SEp.ForestGainCT."
"1","VB_.species.VB_.Cuniculus paca","VB_.species.VB_.Cuniculus paca","19","~1 ~ 1 ~ Biotic + Tmin ~ Biotic + Tmin",NA,NA,NA,NA,-0.663258989153464,0.4051004333067,NA,NA,NA,NA,NA,NA,NA,NA,NA,NA,NA,NA,0.723122110662985,0.584653826078616,0.402141131394572,0.611895586133131,NA,NA,NA,NA,-0.501368595768383,0.861164269789031,NA,NA,NA,NA,NA,NA,-0.315757495515806,0.181962796367558,-0.391249432999603,0.20325106882644,NA,NA,NA,NA,-1.19349702065234,0.335537697245093,NA,NA,NA,NA,NA,NA,0.621197888557647,0.665843034420825,0,70.2742283534845,292.850437165419,8,60,601.700874330838,0,0.165328910702179,NA,0.165328910702179,NA,NA,NA,NA,NA,NA,NA,NA,NA,NA,NA,NA,NA,NA,NA
"2","VB_.species.VB_.Cuniculus paca","VB_.species.VB_.Cuniculus paca","1","~1 ~ 1 ~ 1 ~ 1",NA,NA,NA,NA,-1.0101047216016,0.286816119190503,NA,NA,NA,NA,NA,NA,NA,NA,NA,NA,NA,NA,NA,NA,0.0532584858017155,0.33601760894225,NA,NA,NA,NA,NA,NA,NA,NA,NA,NA,NA,NA,NA,NA,-0.752661445099742,0.150679369785616,NA,NA,NA,NA,NA,NA,NA,NA,NA,NA,NA,NA,0.152788478854738,0.502224115073768,0,13.936461960807,301.662065465673,4,60,611.324130931346,9.62325660050828,0.00134488510775234,NA,0.983281153496903,NA,NA,NA,NA,NA,NA,NA,NA,NA,NA,NA,NA,NA,NA,NA
"3","VB_.species.VB_.Dasyprocta punctata","VB_.species.VB_.Dasyprocta punctata","3","~1 ~ Tmin ~ 1 ~ Tmin",NA,NA,NA,NA,0.0208820383431412,0.815286636671,NA,NA,NA,NA,-1.25441134118726,1.08809605163204,NA,NA,NA,NA,NA,NA,NA,NA,-0.307110815935457,0.302673059483095,NA,NA,NA,NA,NA,NA,NA,NA,NA,NA,NA,NA,NA,NA,0.136592885443375,0.153165076913959,NA,NA,NA,NA,-1.0811426089353,0.252330845179376,NA,NA,NA,NA,NA,NA,2.98050511286274,2.74847194450785,0,882.316439820159,405.001856467279,6,60,822.003712934559,0,0.186951723937911,NA,0.186951723937911,NA,NA,NA,NA,NA,NA,NA,NA,NA,NA,NA,NA,NA,NA,NA
"4","VB_.species.VB_.Dasyprocta punctata","VB_.species.VB_.Dasyprocta punctata","1","~1 ~ 1 ~ 1 ~ 1",NA,NA,NA,NA,-0.706007830630171,0.291939502018236,NA,NA,NA,NA,NA,NA,NA,NA,NA,NA,NA,NA,NA,NA,-0.249477300323882,0.271014027336328,NA,NA,NA,NA,NA,NA,NA,NA,NA,NA,NA,NA,NA,NA,-0.272401534866444,0.110043302570135,NA,NA,NA,NA,NA,NA,NA,NA,NA,NA,NA,NA,1.50622792543231,0.692264348494679,0,44.2355869402345,414.520303195546,4,60,837.040606391093,15.0368934565341,0.000101510168271668,NA,0.999407066717427,NA,NA,NA,NA,NA,NA,NA,NA,NA,NA,NA,NA,NA,NA,NA
"5","VB_.species.VB_.Dasypus novemcinctus","VB_.species.VB_.Dasypus novemcinctus","32","~1 ~ Tvar * Biotic ~ Tvar * Biotic ~ Tvar * Biotic",NA,NA,-1.18892579227286,0.988442932630837,-1.29152172826703,0.556552376603661,NA,NA,NA,NA,NA,NA,-6.06988454419052,3.21796834098978,-0.165803610063225,0.808454345463971,NA,NA,0.150874080274976,0.406607862666644,-0.647879975118283,0.286330415856739,NA,NA,NA,NA,NA,NA,-1.31516308684694,0.578120856774945,-0.360279536241331,0.43309419676587,NA,NA,-0.275399071045626,0.161167084513441,-0.782832889815454,0.127604528411937,NA,NA,NA,NA,NA,NA,0.0508897195861553,0.151440657925509,0.0513789440711626,0.108420705144789,NA,NA,2.91864773649875,1.54460942785635,0,1343.81321783064,374.886423672926,13,60,775.772847345853,0,0.142854418819336,NA,0.142854418819336,NA,NA,NA,NA,NA,NA,NA,NA,NA,NA,NA,NA,NA,NA,NA
"6","VB_.species.VB_.Dasypus novemcinctus","VB_.species.VB_.Dasypus novemcinctus","1","~1 ~ 1 ~ 1 ~ 1",NA,NA,NA,NA,-1.20630595626653,0.327308802285628,NA,NA,NA,NA,NA,NA,NA,NA,NA,NA,NA,NA,NA,NA,-0.589138955412193,0.264646255820719,NA,NA,NA,NA,NA,NA,NA,NA,NA,NA,NA,NA,NA,NA,-0.678914697070848,0.117931630058197,NA,NA,NA,NA,NA,NA,NA,NA,NA,NA,NA,NA,2.15081031777369,1.2396825221208,0,133.078650801889,385.474351368631,4,60,778.948702737262,3.17585539140987,0.0291921070367889,NA,0.587733945222583,NA,NA,NA,NA,NA,NA,NA,NA,NA,NA,NA,NA,NA,NA,NA
"7","VB_.species.VB_.Leopardus pardalis","VB_.species.VB_.Leopardus pardalis","6","~1 ~ Biotic ~ 1 ~ Biotic",NA,NA,-3.13282789318093,2.90033029955384,-6.12031176442239,4.33403534298305,NA,NA,NA,NA,NA,NA,NA,NA,NA,NA,NA,NA,NA,NA,-2.19401457429722,0.99471276504819,NA,NA,NA,NA,NA,NA,NA,NA,NA,NA,NA,NA,-0.38556967009286,0.366411894466939,-3.28219654007364,0.444291489940939,NA,NA,NA,NA,NA,NA,NA,NA,NA,NA,NA,NA,0.177625820509093,0.944575011613458,0,510.706029300181,80.5638703252483,6,60,173.127740650497,0,0.214516081398621,NA,0.214516081398621,NA,NA,NA,NA,NA,NA,NA,NA,NA,NA,NA,NA,NA,NA,NA
"8","VB_.species.VB_.Leopardus pardalis","VB_.species.VB_.Leopardus pardalis","1","~1 ~ 1 ~ 1 ~ 1",NA,NA,NA,NA,-3.142836600427,1.83453152373599,NA,NA,NA,NA,NA,NA,NA,NA,NA,NA,NA,NA,NA,NA,-2.22153605985837,1.49440131124131,NA,NA,NA,NA,NA,NA,NA,NA,NA,NA,NA,NA,NA,NA,-3.13180915824751,0.492064056382588,NA,NA,NA,NA,NA,NA,NA,NA,NA,NA,NA,NA,0.0117664490864393,1.06858470815401,0,64.1642252766393,82.6918939350472,4,60,173.383787870094,0.256047219597889,0.18873824297487,NA,0.403254324373491,NA,NA,NA,NA,NA,NA,NA,NA,NA,NA,NA,NA,NA,NA,NA
"9","VB_.species.VB_.Mazama temama","VB_.species.VB_.Mazama temama","28","~1 ~ Tmax * Biotic ~ 1 ~ Tmax * Biotic",NA,NA,7.85647326005107,3.59653327883076,-3.66290967798202,1.10279031385559,-20.3268651101569,6.77942102908815,-2.20208235811935,2.66178590574509,NA,NA,NA,NA,NA,NA,NA,NA,NA,NA,-1.61828292361572,0.889581492346673,NA,NA,NA,NA,NA,NA,NA,NA,NA,NA,NA,NA,0.0300103382740905,0.571171218959374,-2.39593638743421,0.430913847986484,-0.879463969891481,0.58975470037481,0.915850765023645,0.452214446052453,NA,NA,NA,NA,NA,NA,NA,NA,-2.96397633155272,1.03901778620698,0,2576.257301051,106.20512346162,10,60,232.410246923239,0,0.791847888185194,NA,0.791847888185194,NA,NA,NA,NA,NA,NA,NA,NA,NA,NA,NA,NA,NA,NA,NA
"10","VB_.species.VB_.Mazama temama","VB_.species.VB_.Mazama temama","1","~1 ~ 1 ~ 1 ~ 1",NA,NA,NA,NA,-2.49586156543643,0.382865158470814,NA,NA,NA,NA,NA,NA,NA,NA,NA,NA,NA,NA,NA,NA,-0.855833696855583,0.737565214135184,NA,NA,NA,NA,NA,NA,NA,NA,NA,NA,NA,NA,NA,NA,-1.22252601695918,0.267553545708753,NA,NA,NA,NA,NA,NA,NA,NA,NA,NA,NA,NA,-2.98402420109057,1.0376137633488,0,21.7712919045526,126.72687315209,4,60,261.45374630418,29.0434993809409,3.90774309778068e-07,NA,1,NA,NA,NA,NA,NA,NA,NA,NA,NA,NA,NA,NA,NA,NA,NA
"11","VB_.species.VB_.Pecari tajacu","VB_.species.VB_.Pecari tajacu","5","~1 ~ Tvar ~ 1 ~ Tvar",NA,NA,NA,NA,-4.43285474372961,2.59240413836026,NA,NA,NA,NA,NA,NA,NA,NA,-5.35026399459616,3.54231456585307,NA,NA,NA,NA,-4.929987879269,2.09389248143719,NA,NA,NA,NA,NA,NA,NA,NA,NA,NA,NA,NA,NA,NA,-0.111523830333842,0.0821435407759239,NA,NA,NA,NA,NA,NA,NA,NA,0.607314946979256,0.0872825370505575,NA,NA,0.700022606525732,0.423411083418251,0,4005.17469238519,585.608016656025,6,60,1183.21603331205,0,0.319309835204365,NA,0.319309835204365,NA,NA,NA,NA,NA,NA,NA,NA,NA,NA,NA,NA,NA,NA,NA
"12","VB_.species.VB_.Pecari tajacu","VB_.species.VB_.Pecari tajacu","1","~1 ~ 1 ~ 1 ~ 1",NA,NA,NA,NA,-0.744688354159845,0.66695472589844,NA,NA,NA,NA,NA,NA,NA,NA,NA,NA,NA,NA,NA,NA,-2.63534461120721,0.608599076354915,NA,NA,NA,NA,NA,NA,NA,NA,NA,NA,NA,NA,NA,NA,0.1247964442492,0.0786269980455261,NA,NA,NA,NA,NA,NA,NA,NA,NA,NA,NA,NA,0.647916491461837,0.46028492803881,0,121.690548686826,619.312241760359,4,60,1246.62448352072,63.4084502086687,5.43553479042325e-15,NA,0.999999999999992,NA,NA,NA,NA,NA,NA,NA,NA,NA,NA,NA,NA,NA,NA,NA
"13","VB_.species.VB_.Tapirus bairdii",NA,NA,NA,NA,NA,NA,NA,NA,NA,NA,NA,NA,NA,NA,NA,NA,NA,NA,NA,NA,NA,NA,NA,NA,NA,NA,NA,NA,NA,NA,NA,NA,NA,NA,NA,NA,NA,NA,NA,NA,NA,NA,NA,NA,NA,NA,NA,NA,NA,NA,NA,NA,NA,NA,NA,NA,NA,NA,NA,NA,NA,NA,NA,NA,NA,"VB_.species.VB_.Tapirus bairdii",NA,NA,NA,NA,NA,NA,NA,NA,NA,NA,NA,NA,NA,NA
"14","UDZ.species.UDZ.Bdeogale crassicauda","UDZ.species.UDZ.Bdeogale crassicauda","4","~1 ~ 1 ~ Tmax ~ Tmax",NA,NA,NA,NA,1.62533258537316,1.12957215272082,NA,NA,NA,NA,NA,NA,NA,NA,NA,NA,NA,NA,NA,NA,-4.29082522034654,1.12773263285684,NA,NA,-0.747780190119537,0.942790229568181,NA,NA,NA,NA,NA,NA,NA,NA,NA,NA,0.489538870223305,0.0969506032484138,NA,NA,0.295589475762295,0.0983032908609294,NA,NA,NA,NA,NA,NA,NA,NA,1.41215109193159,0.600522851614324,0,239.826721315033,351.43101128269,6,61,714.86202256538,0,0.111696622613616,NA,0.111696622613616,NA,NA,NA,NA,NA,NA,NA,NA,NA,NA,NA,NA,NA,NA,NA
"15","UDZ.species.UDZ.Bdeogale crassicauda","UDZ.species.UDZ.Bdeogale crassicauda","1","~1 ~ 1 ~ 1 ~ 1",NA,NA,NA,NA,1.6042465514532,1.18269786820825,NA,NA,NA,NA,NA,NA,NA,NA,NA,NA,NA,NA,NA,NA,-4.38801643759262,1.35683349735546,NA,NA,NA,NA,NA,NA,NA,NA,NA,NA,NA,NA,NA,NA,0.425825836531905,0.0951828335608011,NA,NA,NA,NA,NA,NA,NA,NA,NA,NA,NA,NA,1.38776036451303,0.588778724941052,0,218.037890276641,356.33465119485,4,61,720.669302389699,5.80727982431949,0.00612357794501888,NA,0.956843936465691,NA,NA,NA,NA,NA,NA,NA,NA,NA,NA,NA,NA,NA,NA,NA
"16","UDZ.species.UDZ.Cephalophus harveyi",NA,NA,NA,NA,NA,NA,NA,NA,NA,NA,NA,NA,NA,NA,NA,NA,NA,NA,NA,NA,NA,NA,NA,NA,NA,NA,NA,NA,NA,NA,NA,NA,NA,NA,NA,NA,NA,NA,NA,NA,NA,NA,NA,NA,NA,NA,NA,NA,NA,NA,NA,NA,NA,NA,NA,NA,NA,NA,NA,NA,NA,NA,NA,NA,NA,NA,NA,NA,NA,NA,NA,NA,NA,NA,NA,NA,NA,NA,NA,NA
"17","UDZ.species.UDZ.Cephalophus spadix","UDZ.species.UDZ.Cephalophus spadix","10","~1 ~ 1 ~ Biotic * Tmin ~ Biotic * Tmin",NA,NA,NA,NA,-2.09857885170262,0.86863866808427,NA,NA,NA,NA,NA,NA,NA,NA,NA,NA,-4.77285849876538,2.3889073223216,-1.70968502302827,1.35667572555403,-1.75466814580057,1.41112473522033,NA,NA,NA,NA,4.37962976832387,2.00388376896299,NA,NA,NA,NA,-0.0207927740897982,0.213536928528096,-0.178630553544821,0.189024978105078,-1.40342399525643,0.249748835197512,NA,NA,NA,NA,-0.176608737679994,0.244884447179592,NA,NA,NA,NA,NA,NA,1.81891469672365,1.06767441852963,0,672.180860802132,167.210908394838,10,61,354.421816789675,0,0.199370965318565,NA,0.199370965318565,NA,NA,NA,NA,NA,NA,NA,NA,NA,NA,NA,NA,NA,NA,NA
"18","UDZ.species.UDZ.Cephalophus spadix","UDZ.species.UDZ.Cephalophus spadix","1","~1 ~ 1 ~ 1 ~ 1",NA,NA,NA,NA,-2.69374349405189,1.56729288279878,NA,NA,NA,NA,NA,NA,NA,NA,NA,NA,NA,NA,NA,NA,-2.05615048948722,0.803106112162517,NA,NA,NA,NA,NA,NA,NA,NA,NA,NA,NA,NA,NA,NA,-1.41724787364903,0.203210369605485,NA,NA,NA,NA,NA,NA,NA,NA,NA,NA,NA,NA,1.20634232787232,0.729493756212879,0,103.592602380251,175.064641539899,4,61,358.129283079798,3.70746629012262,0.0312317152090476,NA,0.879856590624198,NA,NA,NA,NA,NA,NA,NA,NA,NA,NA,NA,NA,NA,NA,NA
"19","UDZ.species.UDZ.Cercocebus sanjei","UDZ.species.UDZ.Cercocebus sanjei","16","~1 ~ Tvar * Biotic ~ 1 ~ Tvar * Biotic",NA,NA,-3.10930416166224,2.61133486303867,0.328120871012709,1.3468509761536,NA,NA,NA,NA,NA,NA,6.86342608293196,4.65483447523841,4.91320592112126,3.72723003581204,NA,NA,NA,NA,-2.54961462340674,0.689416285407487,NA,NA,NA,NA,NA,NA,NA,NA,NA,NA,NA,NA,0.129362351318439,0.116731298384408,-0.815117254291035,0.136871115248298,NA,NA,NA,NA,NA,NA,0.167220974606641,0.133057388154339,-0.231254572558222,0.138481242126813,NA,NA,0.721452415322261,0.633857571290984,0,4014.99553756402,282.540980771894,10,61,585.081961543788,0,0.361678717777507,NA,0.361678717777507,NA,NA,NA,NA,NA,NA,NA,NA,NA,NA,NA,NA,NA,NA,NA
"20","UDZ.species.UDZ.Cercocebus sanjei","UDZ.species.UDZ.Cercocebus sanjei","1","~1 ~ 1 ~ 1 ~ 1",NA,NA,NA,NA,-0.713742095085533,0.878201312033969,NA,NA,NA,NA,NA,NA,NA,NA,NA,NA,NA,NA,NA,NA,-2.6274226239388,0.821040145318366,NA,NA,NA,NA,NA,NA,NA,NA,NA,NA,NA,NA,NA,NA,-0.786629942828141,0.142395321977792,NA,NA,NA,NA,NA,NA,NA,NA,NA,NA,NA,NA,1.18905236161881,0.973638130930724,0,121.16701886993,291.229866719137,4,61,590.459733438274,5.37777189448548,0.0245784575652653,NA,0.797717783572037,NA,NA,NA,NA,NA,NA,NA,NA,NA,NA,NA,NA,NA,NA,NA
"21","UDZ.species.UDZ.Cercopithecus mitis",NA,NA,NA,NA,NA,NA,NA,NA,NA,NA,NA,NA,NA,NA,NA,NA,NA,NA,NA,NA,NA,NA,NA,NA,NA,NA,NA,NA,NA,NA,NA,NA,NA,NA,NA,NA,NA,NA,NA,NA,NA,NA,NA,NA,NA,NA,NA,NA,NA,NA,NA,NA,NA,NA,NA,NA,NA,NA,NA,NA,NA,NA,NA,NA,NA,"UDZ.species.UDZ.Cercopithecus mitis",NA,NA,NA,NA,NA,NA,NA,NA,NA,NA,NA,NA,NA,NA
"22","UDZ.species.UDZ.Cricetomys gambianus","UDZ.species.UDZ.Cricetomys gambianus","10","~1 ~ 1 ~ Tmax ~ Tmax",NA,NA,NA,NA,1.59811730335328,0.791037149169645,NA,NA,NA,NA,NA,NA,NA,NA,NA,NA,NA,NA,NA,NA,-1.59812010140823,0.42520301467921,NA,NA,0.840120895757136,0.420450793031126,NA,NA,NA,NA,NA,NA,NA,NA,NA,NA,0.255711548349596,0.126438660066328,NA,NA,-0.732266156341779,0.135294915180784,NA,NA,NA,NA,NA,NA,NA,NA,0.0545582392156493,0.495879756323506,0,59.9871909449457,302.24022766104,6,61,616.48045532208,0,0.0774601812581448,NA,0.0774601812581448,NA,NA,NA,NA,NA,NA,NA,NA,NA,NA,NA,NA,NA,NA,NA
"23","UDZ.species.UDZ.Cricetomys gambianus","UDZ.species.UDZ.Cricetomys gambianus","1","~1 ~ 1 ~ 1 ~ 1",NA,NA,NA,NA,0.834038319049427,0.461047205766237,NA,NA,NA,NA,NA,NA,NA,NA,NA,NA,NA,NA,NA,NA,-1.44448898142944,0.318266259850416,NA,NA,NA,NA,NA,NA,NA,NA,NA,NA,NA,NA,NA,NA,0.554702080416944,0.109048676864824,NA,NA,NA,NA,NA,NA,NA,NA,NA,NA,NA,NA,-0.0528071932137441,0.468953723523104,0,18.8649263852602,321.649569714179,4,61,651.299139428358,34.8186841062778,2.12959648674437e-09,NA,0.999999996016454,NA,NA,NA,NA,NA,NA,NA,NA,NA,NA,NA,NA,NA,NA,NA
"24","UDZ.species.UDZ.Genetta servalina","UDZ.species.UDZ.Genetta servalina","48","~Elevation ~ Tmax * Biotic ~ 1 ~ Tmax * Biotic",NA,NA,3.99859825332781,2.8635647361728,-2.09300233427779,0.828650505514538,-4.66579495122489,3.01241009249659,1.00072239151386,1.00531619749656,NA,NA,NA,NA,NA,NA,NA,NA,NA,NA,-0.88132566430932,0.470494065503016,NA,NA,NA,NA,NA,NA,NA,NA,NA,NA,NA,NA,0.186336367447064,0.138388812988373,-0.975929581182859,0.18302773542164,0.0301394780761614,0.14597923018007,0.21606653265744,0.172983970895629,NA,NA,NA,NA,NA,NA,1.54436466548804,0.979812171629951,-0.0476723059814719,0.793881566474314,0,2037.35491368472,200.755262992393,11,61,423.510525984786,0,0.0897677770345286,NA,0.0897677770345286,NA,NA,NA,NA,NA,NA,NA,NA,NA,NA,NA,NA,NA,NA,NA
"25","UDZ.species.UDZ.Genetta servalina","UDZ.species.UDZ.Genetta servalina","1","~1 ~ 1 ~ 1 ~ 1",NA,NA,NA,NA,-0.373930020483768,0.390991546312986,NA,NA,NA,NA,NA,NA,NA,NA,NA,NA,NA,NA,NA,NA,-0.768118497670732,0.495550534646503,NA,NA,NA,NA,NA,NA,NA,NA,NA,NA,NA,NA,NA,NA,-0.884635210859071,0.183878059714082,NA,NA,NA,NA,NA,NA,NA,NA,NA,NA,NA,NA,-0.741413047614407,0.575137414852984,0,12.9049723537026,209.201916891945,4,61,426.403833783891,2.89330779910529,0.0211274296787869,NA,0.359298322925805,NA,NA,NA,NA,NA,NA,NA,NA,NA,NA,NA,NA,NA,NA,NA
"26","UDZ.species.UDZ.Loxodonta africana",NA,NA,NA,NA,NA,NA,NA,NA,NA,NA,NA,NA,NA,NA,NA,NA,NA,NA,NA,NA,NA,NA,NA,NA,NA,NA,NA,NA,NA,NA,NA,NA,NA,NA,NA,NA,NA,NA,NA,NA,NA,NA,NA,NA,NA,NA,NA,NA,NA,NA,NA,NA,NA,NA,NA,NA,NA,NA,NA,NA,NA,NA,NA,NA,NA,NA,NA,NA,NA,NA,NA,NA,NA,NA,NA,NA,NA,NA,NA,NA
"27","UDZ.species.UDZ.Mellivora capensis",NA,NA,NA,NA,NA,NA,NA,NA,NA,NA,NA,NA,NA,NA,NA,NA,NA,NA,NA,NA,NA,NA,NA,NA,NA,NA,NA,NA,NA,NA,NA,NA,NA,NA,NA,NA,NA,NA,NA,NA,NA,NA,NA,NA,NA,NA,NA,NA,NA,NA,NA,NA,NA,NA,NA,NA,NA,NA,NA,NA,NA,NA,NA,NA,NA,NA,NA,NA,NA,NA,NA,NA,NA,NA,NA,NA,NA,NA,NA,NA
"28","UDZ.species.UDZ.Nandinia binotata",NA,NA,NA,NA,NA,NA,NA,NA,NA,NA,NA,NA,NA,NA,NA,NA,NA,NA,NA,NA,NA,NA,NA,NA,NA,NA,NA,NA,NA,NA,NA,NA,NA,NA,NA,NA,NA,NA,NA,NA,NA,NA,NA,NA,NA,NA,NA,NA,NA,NA,NA,NA,NA,NA,NA,NA,NA,NA,NA,NA,NA,NA,NA,NA,NA,NA,NA,NA,NA,NA,NA,NA,NA,NA,NA,NA,NA,NA,NA,NA
"29","UDZ.species.UDZ.Paraxerus vexillarius","UDZ.species.UDZ.Paraxerus vexillarius","3","~Elevation ~ Tmin ~ 1 ~ Tmin",NA,NA,NA,NA,-2.95859858210792,0.975347264192381,NA,NA,NA,NA,-2.26418765068435,1.17789530587341,NA,NA,NA,NA,NA,NA,NA,NA,-1.88072146598642,2.2607826944135,NA,NA,NA,NA,NA,NA,NA,NA,NA,NA,NA,NA,NA,NA,-1.81571634972379,0.670761119074038,NA,NA,NA,NA,-0.192434024501461,0.417484527403985,NA,NA,NA,NA,3.48203074546411,4.06692015095148,-1.989781248382,1.90662804300066,0,769.023728226375,89.9718998613449,7,61,193.94379972269,0,0.276117721053946,NA,0.276117721053946,NA,NA,NA,NA,NA,NA,NA,NA,NA,NA,NA,NA,NA,NA,NA
"30","UDZ.species.UDZ.Paraxerus vexillarius","UDZ.species.UDZ.Paraxerus vexillarius","1","~1 ~ 1 ~ 1 ~ 1",NA,NA,NA,NA,-2.87757017483474,0.95583655659183,NA,NA,NA,NA,NA,NA,NA,NA,NA,NA,NA,NA,NA,NA,-3.30927292079912,3.15364279621169,NA,NA,NA,NA,NA,NA,NA,NA,NA,NA,NA,NA,NA,NA,-1.76674706580609,0.32230307660887,NA,NA,NA,NA,NA,NA,NA,NA,NA,NA,NA,NA,-1.0144424704277,0.723913600757457,0,180.068662226685,96.6539757820758,4,61,201.307951564152,7.36415184146176,0.00695006755454498,NA,0.998145279620464,NA,NA,NA,NA,NA,NA,NA,NA,NA,NA,NA,NA,NA,NA,NA
"31","UDZ.species.UDZ.Potamochoerus larvatus","UDZ.species.UDZ.Potamochoerus larvatus","9","~1 ~ Tmax ~ 1 ~ Tmax",NA,NA,NA,NA,-0.40153949464983,0.491761072935075,NA,NA,0.794655904330056,0.589628939087807,NA,NA,NA,NA,NA,NA,NA,NA,NA,NA,-1.37662872815214,0.514582802848139,NA,NA,NA,NA,NA,NA,NA,NA,NA,NA,NA,NA,NA,NA,-1.16689758576105,0.176069559582976,NA,NA,0.894085933282489,0.221713291968238,NA,NA,NA,NA,NA,NA,NA,NA,0.0487538872351601,0.603075313882905,0,19.2566004758007,204.803740620397,6,61,421.607481240795,0,0.156124514069822,NA,0.156124514069822,NA,NA,NA,NA,NA,NA,NA,NA,NA,NA,NA,NA,NA,NA,NA
"32","UDZ.species.UDZ.Potamochoerus larvatus","UDZ.species.UDZ.Potamochoerus larvatus","1","~1 ~ 1 ~ 1 ~ 1",NA,NA,NA,NA,-0.953922057059419,0.496277322241146,NA,NA,NA,NA,NA,NA,NA,NA,NA,NA,NA,NA,NA,NA,-1.83198858098913,0.825138474004492,NA,NA,NA,NA,NA,NA,NA,NA,NA,NA,NA,NA,NA,NA,-1.02713995769305,0.185298393411592,NA,NA,NA,NA,NA,NA,NA,NA,NA,NA,NA,NA,-0.0136868733215181,0.607673776303956,0,35.5687491460032,216.477025691793,4,61,440.954051383586,19.3465701427912,9.82690530948932e-06,NA,0.999875867679114,NA,NA,NA,NA,NA,NA,NA,NA,NA,NA,NA,NA,NA,NA,NA
"33","UDZ.species.UDZ.Rhynchocyon udzungwensis","UDZ.species.UDZ.Rhynchocyon udzungwensis","1","~1 ~ 1 ~ 1 ~ 1",NA,NA,NA,NA,-7.91054894502553,35.676179226356,NA,NA,NA,NA,NA,NA,NA,NA,NA,NA,NA,NA,NA,NA,-0.183212562178388,1.70475030019657,NA,NA,NA,NA,NA,NA,NA,NA,NA,NA,NA,NA,NA,NA,-5.24074576622354,1.33340869477713,NA,NA,NA,NA,NA,NA,NA,NA,NA,NA,NA,NA,4.68438120101529,43.9434088635936,0,2424.8837638871,6.88000691774668,4,61,21.7600138354934,0,0.577506375271237,NA,0.577506375271237,NA,NA,NA,NA,NA,NA,NA,NA,NA,NA,NA,NA,NA,NA,NA
"34","BIF.species.BIF.Caracal aurata","BIF.species.BIF.Caracal aurata","15","~1 ~ Tvar ~ 1 ~ Tvar",NA,NA,NA,NA,0.310458423347451,0.922890496594602,NA,NA,NA,NA,NA,NA,NA,NA,2.81349120155253,1.58663471228929,NA,NA,NA,NA,0.548607048867527,0.516342058273021,NA,NA,NA,NA,NA,NA,NA,NA,NA,NA,NA,NA,NA,NA,-1.89793684612442,0.238342857096988,NA,NA,NA,NA,NA,NA,NA,NA,0.117806764058835,0.174224945460217,NA,NA,2.18341019642593,2.68707295697633,0,304.410060938648,180.615990346411,6,60,373.231980692821,0,0.0474579984781448,NA,0.0474579984781448,NA,NA,NA,NA,NA,NA,NA,NA,NA,NA,NA,NA,NA,NA,NA
"35","BIF.species.BIF.Caracal aurata","BIF.species.BIF.Caracal aurata","1","~1 ~ 1 ~ 1 ~ 1",NA,NA,NA,NA,-0.502268614550893,0.573703768684618,NA,NA,NA,NA,NA,NA,NA,NA,NA,NA,NA,NA,NA,NA,0.521915664855159,0.552645605512342,NA,NA,NA,NA,NA,NA,NA,NA,NA,NA,NA,NA,NA,NA,-1.78948635114342,0.292913305634599,NA,NA,NA,NA,NA,NA,NA,NA,NA,NA,NA,NA,1.21373773387987,1.3118452529509,0,65.1502559407622,183.825533021861,4,60,375.651066043721,2.41908535089971,0.0141583195001163,NA,0.669696960264621,NA,NA,NA,NA,NA,NA,NA,NA,NA,NA,NA,NA,NA,NA,NA
"36","BIF.species.BIF.Cephalophus nigrifrons","BIF.species.BIF.Cephalophus nigrifrons","28","~1 ~ 1 ~ Biotic + Tmin ~ Biotic + Tmin",NA,NA,NA,NA,-1.07145089669333,0.416492957481288,NA,NA,NA,NA,NA,NA,NA,NA,NA,NA,NA,NA,-1.25097587727339,0.764560945138288,-1.81226259788785,0.605176524442662,NA,NA,NA,NA,-1.30913109227096,0.805686102602442,NA,NA,NA,NA,NA,NA,-0.418180842318206,0.13236824038565,-0.259838449720588,0.131840285436097,NA,NA,NA,NA,-0.666017067438714,0.159135507414784,NA,NA,NA,NA,NA,NA,1.44137740137155,0.492962844045805,0,349.730533689954,456.621989311704,8,60,929.243978623409,0,0.143335834796493,NA,0.143335834796493,NA,NA,NA,NA,NA,NA,NA,NA,NA,NA,NA,NA,NA,NA,NA
"37","BIF.species.BIF.Cephalophus nigrifrons","BIF.species.BIF.Cephalophus nigrifrons","1","~1 ~ 1 ~ 1 ~ 1",NA,NA,NA,NA,-0.862244071771243,0.400238406031069,NA,NA,NA,NA,NA,NA,NA,NA,NA,NA,NA,NA,NA,NA,-1.46045004496839,0.304589594378264,NA,NA,NA,NA,NA,NA,NA,NA,NA,NA,NA,NA,NA,NA,-0.162369904046155,0.0911842890693123,NA,NA,NA,NA,NA,NA,NA,NA,NA,NA,NA,NA,1.42920058190803,0.512592126802796,0,32.6838931562996,467.829979594959,4,60,943.659959189918,14.4159805665098,0.00010616084690954,NA,0.999062587684623,NA,NA,NA,NA,NA,NA,NA,NA,NA,NA,NA,NA,NA,NA,NA
"38","BIF.species.BIF.Cephalophus silvicultor","BIF.species.BIF.Cephalophus silvicultor","24","~1 ~ 1 ~ Biotic * Tmin ~ Biotic * Tmin",NA,NA,NA,NA,1.79746657092225,0.893647554683098,NA,NA,NA,NA,NA,NA,NA,NA,NA,NA,-0.674536693095338,0.414159331496192,-1.02571866807815,0.778633715777597,-1.03368230141442,0.466869938224081,NA,NA,NA,NA,0.954805549034647,0.68579545798136,NA,NA,NA,NA,0.243276246152277,0.115114920849662,0.0400966743103133,0.175480129169849,-0.334255877036181,0.145230405767941,NA,NA,NA,NA,-0.930948415307279,0.196698684336136,NA,NA,NA,NA,NA,NA,1.36407822942725,0.562624704759001,0,667.966956183142,504.403513974941,10,60,1028.80702794988,0,0.191338831965687,NA,0.191338831965687,NA,NA,NA,NA,NA,NA,NA,NA,NA,NA,NA,NA,NA,NA,NA
"39","BIF.species.BIF.Cephalophus silvicultor","BIF.species.BIF.Cephalophus silvicultor","1","~1 ~ 1 ~ 1 ~ 1",NA,NA,NA,NA,1.82626495408985,0.774448612081109,NA,NA,NA,NA,NA,NA,NA,NA,NA,NA,NA,NA,NA,NA,-1.43468402094142,0.267568430275863,NA,NA,NA,NA,NA,NA,NA,NA,NA,NA,NA,NA,NA,NA,0.0810795102064721,0.0830829909309386,NA,NA,NA,NA,NA,NA,NA,NA,NA,NA,NA,NA,1.06259492437382,0.458095083967455,0,88.205672056024,518.020510940731,4,60,1044.04102188146,15.2339939315791,9.41419885359596e-05,NA,0.999448778915061,NA,NA,NA,NA,NA,NA,NA,NA,NA,NA,NA,NA,NA,NA,NA
"40","BIF.species.BIF.Cercopithecus lhoesti","BIF.species.BIF.Cercopithecus lhoesti","37","~1 ~ Tmax + Biotic ~ 1 ~ Tmax + Biotic",NA,NA,-1.92402966736333,1.05897860777271,-2.38560216086395,1.03826340089789,NA,NA,0.263190192653024,0.466818745598646,NA,NA,NA,NA,NA,NA,NA,NA,NA,NA,-2.17305306657894,0.678380322256612,NA,NA,NA,NA,NA,NA,NA,NA,NA,NA,NA,NA,0.421722159110086,0.129615351080312,-0.611059588029279,0.139761835554995,NA,NA,0.503388059111756,0.142244959157106,NA,NA,NA,NA,NA,NA,NA,NA,0.71487431785951,0.48606167137839,0,331.254773201559,366.505234049453,8,60,749.010468098906,0,0.132509441637889,NA,0.132509441637889,NA,NA,NA,NA,NA,NA,NA,NA,NA,NA,NA,NA,NA,NA,NA
"41","BIF.species.BIF.Cercopithecus lhoesti","BIF.species.BIF.Cercopithecus lhoesti","1","~1 ~ 1 ~ 1 ~ 1",NA,NA,NA,NA,-0.667621426796111,0.39230641668044,NA,NA,NA,NA,NA,NA,NA,NA,NA,NA,NA,NA,NA,NA,-1.21184409078972,0.406492067547546,NA,NA,NA,NA,NA,NA,NA,NA,NA,NA,NA,NA,NA,NA,-0.823788304829539,0.121890101334477,NA,NA,NA,NA,NA,NA,NA,NA,NA,NA,NA,NA,0.583515825745572,0.467196685277845,0,18.3934653293476,378.554335685117,4,60,765.108671370235,16.0982032713292,4.23220210948544e-05,NA,0.999642162856604,NA,NA,NA,NA,NA,NA,NA,NA,NA,NA,NA,NA,NA,NA,NA
"42","BIF.species.BIF.Cricetomys gambianus",NA,NA,NA,NA,NA,NA,NA,NA,NA,NA,NA,NA,NA,NA,NA,NA,NA,NA,NA,NA,NA,NA,NA,NA,NA,NA,NA,NA,NA,NA,NA,NA,NA,NA,NA,NA,NA,NA,NA,NA,NA,NA,NA,NA,NA,NA,NA,NA,NA,NA,NA,NA,NA,NA,NA,NA,NA,NA,NA,NA,NA,NA,NA,NA,NA,NA,NA,NA,NA,NA,NA,NA,NA,NA,NA,NA,NA,NA,NA,NA
"43","BIF.species.BIF.Genetta servalina",NA,NA,NA,NA,NA,NA,NA,NA,NA,NA,NA,NA,NA,NA,NA,NA,NA,NA,NA,NA,NA,NA,NA,NA,NA,NA,NA,NA,NA,NA,NA,NA,NA,NA,NA,NA,NA,NA,NA,NA,NA,NA,NA,NA,NA,NA,NA,NA,NA,NA,NA,NA,NA,NA,NA,NA,NA,NA,NA,NA,NA,NA,NA,NA,NA,"BIF.species.BIF.Genetta servalina",NA,NA,NA,NA,NA,NA,NA,NA,NA,NA,NA,NA,NA,NA
"44","BIF.species.BIF.Pan troglodytes","BIF.species.BIF.Pan troglodytes","33","~Elevation ~ Tmax + Biotic ~ Tmax + Biotic ~ Tmax + Biotic",NA,NA,-1.11766601283686,1.17218229663607,-2.02810802776328,0.491787246063147,NA,NA,0.354950100281502,0.347130044694114,NA,NA,NA,NA,NA,NA,NA,NA,6.31090207235911,5.68097382050309,4.73805761647205,4.24831893144273,NA,NA,-3.37075834189375,2.41177614566165,NA,NA,NA,NA,NA,NA,NA,NA,0.801085374735002,0.381839200613576,-0.892412391038499,0.374065880159713,NA,NA,0.415419515731269,0.392479901741296,NA,NA,NA,NA,NA,NA,9.325543922896,7.09720092741589,-11.1773494463797,7.62220082755154,0,4487.48230167688,121.243004683555,11,60,264.486009367109,0,0.122884072200206,NA,0.122884072200206,NA,NA,NA,NA,NA,NA,NA,NA,NA,NA,NA,NA,NA,NA,NA
"45","BIF.species.BIF.Pan troglodytes","BIF.species.BIF.Pan troglodytes","1","~1 ~ 1 ~ 1 ~ 1",NA,NA,NA,NA,-1.63377284073943,0.35528907240321,NA,NA,NA,NA,NA,NA,NA,NA,NA,NA,NA,NA,NA,NA,0.260808135358384,0.624010358904519,NA,NA,NA,NA,NA,NA,NA,NA,NA,NA,NA,NA,NA,NA,-1.404767018537,0.284848790772128,NA,NA,NA,NA,NA,NA,NA,NA,NA,NA,NA,NA,-1.39478209390398,0.601062693237412,0,7.96327040960383,131.098267787607,4,60,270.196535575214,5.71052620810514,0.00707083306856998,NA,0.890964239751794,NA,NA,NA,NA,NA,NA,NA,NA,NA,NA,NA,NA,NA,NA,NA
"46","BIF.species.BIF.Papio anubis","BIF.species.BIF.Papio anubis","1","~1 ~ 1 ~ 1 ~ 1",NA,NA,NA,NA,-5.15420143777118,71.5730157748913,NA,NA,NA,NA,NA,NA,NA,NA,NA,NA,NA,NA,NA,NA,1.46754470080194,73.098372597659,NA,NA,NA,NA,NA,NA,NA,NA,NA,NA,NA,NA,NA,NA,-9.20078858154737,67.0691939552929,NA,NA,NA,NA,NA,NA,NA,NA,NA,NA,NA,NA,-3.88510313276031,73.7960024216421,0,14.8185850056968,0.0121464041325739,4,60,8.02429280826515,0,0.184349782243441,NA,0.184349782243441,NA,NA,NA,NA,NA,NA,NA,NA,NA,NA,NA,NA,NA,NA,NA
"47","BIF.species.BIF.Potamochoerus larvatus","BIF.species.BIF.Potamochoerus larvatus","24","~Elevation ~ 1 ~ Biotic ~ Biotic",NA,NA,NA,NA,-1.50064648130705,0.490827894915078,NA,NA,NA,NA,NA,NA,NA,NA,NA,NA,NA,NA,2.81037216484668,1.04407467415552,0.841683867338623,0.846565301590058,NA,NA,NA,NA,NA,NA,NA,NA,NA,NA,NA,NA,0.0930405839652099,0.18419905724527,-1.72740002859391,0.315184587772316,NA,NA,NA,NA,NA,NA,NA,NA,NA,NA,4.34384007225448,3.2605432447143,-4.43668294678081,3.07390980139483,0,1812.53100333445,164.698239300447,7,60,343.396478600894,0,0.0941905014767974,NA,0.0941905014767974,NA,NA,NA,NA,NA,NA,NA,NA,NA,NA,NA,NA,NA,NA,NA
"48","BIF.species.BIF.Potamochoerus larvatus","BIF.species.BIF.Potamochoerus larvatus","1","~1 ~ 1 ~ 1 ~ 1",NA,NA,NA,NA,-1.96844078593011,0.792611593614671,NA,NA,NA,NA,NA,NA,NA,NA,NA,NA,NA,NA,NA,NA,-1.88554002257949,1.01706578446039,NA,NA,NA,NA,NA,NA,NA,NA,NA,NA,NA,NA,NA,NA,-1.97280942426937,0.265646273360272,NA,NA,NA,NA,NA,NA,NA,NA,NA,NA,NA,NA,-0.173151642349244,0.641163828270932,0,41.1526041518372,172.236680852924,4,60,352.473361705848,9.07688310495331,0.00100690149676052,NA,0.981513519532195,NA,NA,NA,NA,NA,NA,NA,NA,NA,NA,NA,NA,NA,NA,NA
"49","PSH.species.PSH.Atherurus macrourus","PSH.species.PSH.Atherurus macrourus","12","~1 ~ Biotic ~ 1 ~ Biotic",NA,NA,-1.72516439399712,1.41130206751077,-1.51830970519381,0.834564451075766,NA,NA,NA,NA,NA,NA,NA,NA,NA,NA,NA,NA,NA,NA,-0.720296991614646,1.37100391622963,NA,NA,NA,NA,NA,NA,NA,NA,NA,NA,NA,NA,0.764245923747583,0.346960487324633,-2.01508088637157,0.411760733807473,NA,NA,NA,NA,NA,NA,NA,NA,NA,NA,NA,NA,-1.82706795409632,0.699217687585655,0,50.4733700702077,72.8210399480774,6,30,157.642079896155,0,0.240043970058058,NA,0.240043970058058,NA,NA,NA,NA,NA,NA,NA,NA,NA,NA,NA,NA,NA,NA,NA
"50","PSH.species.PSH.Atherurus macrourus","PSH.species.PSH.Atherurus macrourus","1","~1 ~ 1 ~ 1 ~ 1",NA,NA,NA,NA,-1.25378838155025,0.533629987549016,NA,NA,NA,NA,NA,NA,NA,NA,NA,NA,NA,NA,NA,NA,0.703641568372893,1.29685323482477,NA,NA,NA,NA,NA,NA,NA,NA,NA,NA,NA,NA,NA,NA,-1.70487433985492,0.323980693698513,NA,NA,NA,NA,NA,NA,NA,NA,NA,NA,NA,NA,-1.99609954484216,0.629714935243182,0,20.5165967327111,76.4049820834666,4,30,160.809964166933,3.16788427077827,0.0492485526686379,NA,0.616362981881718,NA,NA,NA,NA,NA,NA,NA,NA,NA,NA,NA,NA,NA,NA,NA
"51","PSH.species.PSH.Hystrix brachyura","PSH.species.PSH.Hystrix brachyura","1","~1 ~ 1 ~ 1 ~ 1",NA,NA,NA,NA,-0.783786587077426,1.40145682620753,NA,NA,NA,NA,NA,NA,NA,NA,NA,NA,NA,NA,NA,NA,-0.0540718838686067,1.76025693578744,NA,NA,NA,NA,NA,NA,NA,NA,NA,NA,NA,NA,NA,NA,-2.98205205830238,0.546298089664337,NA,NA,NA,NA,NA,NA,NA,NA,NA,NA,NA,NA,-0.763066896498245,0.939094133798515,0,41.3690523147083,64.2063941657347,4,30,136.412788331469,0,0.361600744204041,NA,0.361600744204041,NA,NA,NA,NA,NA,NA,NA,NA,NA,NA,NA,NA,NA,NA,NA
"52","PSH.species.PSH.Lariscus insignis",NA,NA,NA,NA,NA,NA,NA,NA,NA,NA,NA,NA,NA,NA,NA,NA,NA,NA,NA,NA,NA,NA,NA,NA,NA,NA,NA,NA,NA,NA,NA,NA,NA,NA,NA,NA,NA,NA,NA,NA,NA,NA,NA,NA,NA,NA,NA,NA,NA,NA,NA,NA,NA,NA,NA,NA,NA,NA,NA,NA,NA,NA,NA,NA,NA,NA,NA,NA,NA,NA,NA,NA,NA,NA,NA,NA,NA,NA,NA,NA
"53","PSH.species.PSH.Leopoldamys sabanus","PSH.species.PSH.Leopoldamys sabanus","1","~1 ~ 1 ~ 1 ~ 1",NA,NA,NA,NA,-0.200456210225806,0.547165210724205,NA,NA,NA,NA,NA,NA,NA,NA,NA,NA,NA,NA,NA,NA,0.815641618849065,0.839548308647944,NA,NA,NA,NA,NA,NA,NA,NA,NA,NA,NA,NA,NA,NA,-1.78005513260612,0.224561454485055,NA,NA,NA,NA,NA,NA,NA,NA,NA,NA,NA,NA,-1.63844377353634,0.559225884334658,0,16.9050412198472,124.682521963622,4,30,257.365043927244,0,0.0974177497043638,NA,0.0974177497043638,NA,NA,NA,NA,NA,NA,NA,NA,NA,NA,NA,NA,NA,NA,NA
"54","PSH.species.PSH.Macaca fascicularis",NA,NA,NA,NA,NA,NA,NA,NA,NA,NA,NA,NA,NA,NA,NA,NA,NA,NA,NA,NA,NA,NA,NA,NA,NA,NA,NA,NA,NA,NA,NA,NA,NA,NA,NA,NA,NA,NA,NA,NA,NA,NA,NA,NA,NA,NA,NA,NA,NA,NA,NA,NA,NA,NA,NA,NA,NA,NA,NA,NA,NA,NA,NA,NA,NA,NA,NA,NA,NA,NA,NA,NA,NA,NA,NA,NA,NA,NA,NA,NA
"55","PSH.species.PSH.Macaca nemestrina",NA,NA,NA,NA,NA,NA,NA,NA,NA,NA,NA,NA,NA,NA,NA,NA,NA,NA,NA,NA,NA,NA,NA,NA,NA,NA,NA,NA,NA,NA,NA,NA,NA,NA,NA,NA,NA,NA,NA,NA,NA,NA,NA,NA,NA,NA,NA,NA,NA,NA,NA,NA,NA,NA,NA,NA,NA,NA,NA,NA,NA,NA,NA,NA,NA,NA,NA,NA,NA,NA,NA,NA,NA,NA,NA,NA,NA,NA,NA,NA
"56","PSH.species.PSH.Sus scrofa","PSH.species.PSH.Sus scrofa","2","~1 ~ 1 ~ Tmax ~ Tmax",NA,NA,NA,NA,2.15815844129865,1.22370840339078,NA,NA,NA,NA,NA,NA,NA,NA,NA,NA,NA,NA,NA,NA,-1.92437198083632,0.827203034828579,NA,NA,-0.0408798934247792,0.948183857756224,NA,NA,NA,NA,NA,NA,NA,NA,NA,NA,-0.821676919541742,0.095886302198501,NA,NA,0.221049515807526,0.0924535199357406,NA,NA,NA,NA,NA,NA,NA,NA,0.559812785354702,0.400290694957018,0,228.318298760817,396.907429727314,6,30,805.814859454629,0,0.116225533699084,NA,0.116225533699084,NA,NA,NA,NA,NA,NA,NA,NA,NA,NA,NA,NA,NA,NA,NA
"57","PSH.species.PSH.Sus scrofa","PSH.species.PSH.Sus scrofa","1","~1 ~ 1 ~ 1 ~ 1",NA,NA,NA,NA,2.0683134978164,1.14830063253197,NA,NA,NA,NA,NA,NA,NA,NA,NA,NA,NA,NA,NA,NA,-1.8004434289671,0.765437360466061,NA,NA,NA,NA,NA,NA,NA,NA,NA,NA,NA,NA,NA,NA,-0.77479559040077,0.092613233889913,NA,NA,NA,NA,NA,NA,NA,NA,NA,NA,NA,NA,0.532664978029196,0.39294950677374,0,160.564237738506,399.786605044203,4,30,807.573210088406,1.75835063377701,0.0482481383019462,NA,0.612966980132389,NA,NA,NA,NA,NA,NA,NA,NA,NA,NA,NA,NA,NA,NA,NA
"58","PSH.species.PSH.Tapirus indicus",NA,NA,NA,NA,NA,NA,NA,NA,NA,NA,NA,NA,NA,NA,NA,NA,NA,NA,NA,NA,NA,NA,NA,NA,NA,NA,NA,NA,NA,NA,NA,NA,NA,NA,NA,NA,NA,NA,NA,NA,NA,NA,NA,NA,NA,NA,NA,NA,NA,NA,NA,NA,NA,NA,NA,NA,NA,NA,NA,NA,NA,NA,NA,NA,NA,NA,NA,NA,NA,NA,NA,NA,NA,NA,NA,NA,NA,NA,NA,NA
"59","PSH.species.PSH.Tragulus kanchil","PSH.species.PSH.Tragulus kanchil","11","~1 ~ 1 ~ Tvar ~ Tvar",NA,NA,NA,NA,-0.599144893709181,0.513561508128064,NA,NA,NA,NA,NA,NA,NA,NA,NA,NA,NA,NA,NA,NA,-0.959591042663562,1.05176216585628,NA,NA,NA,NA,NA,NA,NA,NA,-2.12809399350683,1.71345570252372,NA,NA,NA,NA,-1.39868230224881,0.194884438235577,NA,NA,NA,NA,NA,NA,NA,NA,1.08335787447756,0.293351706021901,NA,NA,-1.58554183457893,0.56382804044177,0,110.414945253493,139.251163874613,6,30,290.502327749226,0,0.129282548331169,NA,0.129282548331169,NA,NA,NA,NA,NA,NA,NA,NA,NA,NA,NA,NA,NA,NA,NA
"60","PSH.species.PSH.Tragulus kanchil","PSH.species.PSH.Tragulus kanchil","1","~1 ~ 1 ~ 1 ~ 1",NA,NA,NA,NA,-0.648842633027907,0.465229702093459,NA,NA,NA,NA,NA,NA,NA,NA,NA,NA,NA,NA,NA,NA,-0.0212742257454976,0.787852109878571,NA,NA,NA,NA,NA,NA,NA,NA,NA,NA,NA,NA,NA,NA,-1.21475089067489,0.180242190470242,NA,NA,NA,NA,NA,NA,NA,NA,NA,NA,NA,NA,-1.75554077411507,0.544551080548652,0,21.358284251809,149.248797172665,4,30,306.497594345331,15.9952665961046,4.34722275567113e-05,NA,0.999517731760076,NA,NA,NA,NA,NA,NA,NA,NA,NA,NA,NA,NA,NA,NA,NA
"61","PSH.species.PSH.Tupaia glis","PSH.species.PSH.Tupaia glis","15","~1 ~ Tvar ~ 1 ~ Tvar",NA,NA,NA,NA,-1.43507183792351,1.44235533514649,NA,NA,NA,NA,NA,NA,NA,NA,1.02909722961847,1.51945759736447,NA,NA,NA,NA,1.24356358415976,1.07904498465624,NA,NA,NA,NA,NA,NA,NA,NA,NA,NA,NA,NA,NA,NA,-2.66076176294992,0.378534386214811,NA,NA,NA,NA,NA,NA,NA,NA,0.919218116459445,0.197336476163231,NA,NA,-0.0493084747647522,0.628576904318167,0,201.283421573761,86.5729557820475,6,30,185.145911564095,0,0.0928766203905186,NA,0.0928766203905186,NA,NA,NA,NA,NA,NA,NA,NA,NA,NA,NA,NA,NA,NA,NA
"62","PSH.species.PSH.Tupaia glis","PSH.species.PSH.Tupaia glis","1","~1 ~ 1 ~ 1 ~ 1",NA,NA,NA,NA,-1.68158873581169,0.636420584284784,NA,NA,NA,NA,NA,NA,NA,NA,NA,NA,NA,NA,NA,NA,1.73235248837118,1.08135981096857,NA,NA,NA,NA,NA,NA,NA,NA,NA,NA,NA,NA,NA,NA,-1.7475682441643,0.266002883561188,NA,NA,NA,NA,NA,NA,NA,NA,NA,NA,NA,NA,-0.72956799489073,0.461048522239814,0,19.6816595972273,98.5169404980208,4,30,205.033880996042,19.8879694319466,4.45952613620132e-06,NA,0.999975037136399,NA,NA,NA,NA,NA,NA,NA,NA,NA,NA,NA,NA,NA,NA,NA
"63","YAN.species.YAN.Cuniculus paca","YAN.species.YAN.Cuniculus paca","27","~1 ~ Biotic + Tmin ~ 1 ~ Biotic + Tmin",NA,NA,-0.57212451282551,1.08413302759177,0.140402516815514,0.868774285118852,NA,NA,NA,NA,0.119352652172105,0.761691674933493,NA,NA,NA,NA,NA,NA,NA,NA,-1.94514836894566,0.445540874137134,NA,NA,NA,NA,NA,NA,NA,NA,NA,NA,NA,NA,-0.270030914010023,0.129856003883424,-0.404129672097795,0.0977879024632743,NA,NA,NA,NA,-0.59151485972789,0.11335756041174,NA,NA,NA,NA,NA,NA,1.65907201978281,0.725982384477874,0,211.743875519443,475.300268209005,8,61,966.600536418011,0,0.0757995118694949,NA,0.0757995118694949,NA,NA,NA,NA,NA,NA,NA,NA,NA,NA,NA,NA,NA,NA,NA
"64","YAN.species.YAN.Cuniculus paca","YAN.species.YAN.Cuniculus paca","1","~1 ~ 1 ~ 1 ~ 1",NA,NA,NA,NA,0.0390516568552858,0.468440483634698,NA,NA,NA,NA,NA,NA,NA,NA,NA,NA,NA,NA,NA,NA,-1.68727147276108,0.349901080406701,NA,NA,NA,NA,NA,NA,NA,NA,NA,NA,NA,NA,NA,NA,-0.428591926985231,0.0893610606476249,NA,NA,NA,NA,NA,NA,NA,NA,NA,NA,NA,NA,1.18813817258506,0.553125335220583,0,41.3015441409401,494.421420706289,4,61,996.842841412578,30.2423049945678,2.05415551235995e-08,NA,0.999999810786635,NA,NA,NA,NA,NA,NA,NA,NA,NA,NA,NA,NA,NA,NA,NA
"65","YAN.species.YAN.Dasyprocta fuliginosa","YAN.species.YAN.Dasyprocta fuliginosa","3","~1 ~ Tmin ~ 1 ~ Tmin",NA,NA,NA,NA,0.352283273280315,0.711118487897874,NA,NA,NA,NA,-1.22761969999998,1.03482346120222,NA,NA,NA,NA,NA,NA,NA,NA,-1.89750584956364,0.45468337116722,NA,NA,NA,NA,NA,NA,NA,NA,NA,NA,NA,NA,NA,NA,-0.920432267997726,0.0988979066948724,NA,NA,NA,NA,-0.417829337786525,0.115175567236651,NA,NA,NA,NA,NA,NA,2.04031957995417,1.08119360991091,0,152.528851972515,442.648932246088,6,61,897.297864492176,0,0.153111874707207,NA,0.153111874707207,NA,NA,NA,NA,NA,NA,NA,NA,NA,NA,NA,NA,NA,NA,NA
"66","YAN.species.YAN.Dasyprocta fuliginosa","YAN.species.YAN.Dasyprocta fuliginosa","1","~1 ~ 1 ~ 1 ~ 1",NA,NA,NA,NA,-0.18658212427613,0.530887262053822,NA,NA,NA,NA,NA,NA,NA,NA,NA,NA,NA,NA,NA,NA,-1.90654163167011,0.529691580199471,NA,NA,NA,NA,NA,NA,NA,NA,NA,NA,NA,NA,NA,NA,-0.878280707149452,0.100368121786565,NA,NA,NA,NA,NA,NA,NA,NA,NA,NA,NA,NA,1.49730657092205,0.761256717445376,0,72.0329101089876,449.864737102802,4,61,907.729474205605,10.4316097134287,0.000831406864795535,NA,0.991205515990192,NA,NA,NA,NA,NA,NA,NA,NA,NA,NA,NA,NA,NA,NA,NA
"67","YAN.species.YAN.Dasypus novemcinctus","YAN.species.YAN.Dasypus novemcinctus","1","~1 ~ 1 ~ 1 ~ 1",NA,NA,NA,NA,-1.16595184476394,0.522812487816065,NA,NA,NA,NA,NA,NA,NA,NA,NA,NA,NA,NA,NA,NA,-1.02563503019528,0.475800283893987,NA,NA,NA,NA,NA,NA,NA,NA,NA,NA,NA,NA,NA,NA,-1.55436573083424,0.174509436094568,NA,NA,NA,NA,NA,NA,NA,NA,NA,NA,NA,NA,0.752328337512515,0.76363617518696,0,30.669474298394,260.053478213441,4,61,528.106956426881,0,0.102313467732127,NA,0.102313467732127,NA,NA,NA,NA,NA,NA,NA,NA,NA,NA,NA,NA,NA,NA,NA
"68","YAN.species.YAN.Eira barbara","YAN.species.YAN.Eira barbara","9","~1 ~ Tvar ~ 1 ~ Tvar",NA,NA,NA,NA,-0.324874725913496,1.10470789446177,NA,NA,NA,NA,NA,NA,NA,NA,-0.978338365423816,1.07550820504079,NA,NA,NA,NA,-0.257946820608581,1.27236320929593,NA,NA,NA,NA,NA,NA,NA,NA,NA,NA,NA,NA,NA,NA,-3.1661458968378,0.438143900000064,NA,NA,NA,NA,NA,NA,NA,NA,0.735052826377398,0.220054912870743,NA,NA,-1.52446321111155,1.29392135634791,0,83.5392910232603,81.9823903390419,6,61,175.964780678084,0,0.160009904453711,NA,0.160009904453711,NA,NA,NA,NA,NA,NA,NA,NA,NA,NA,NA,NA,NA,NA,NA
"69","YAN.species.YAN.Eira barbara","YAN.species.YAN.Eira barbara","1","~1 ~ 1 ~ 1 ~ 1",NA,NA,NA,NA,-1.08930881492104,0.637992807842704,NA,NA,NA,NA,NA,NA,NA,NA,NA,NA,NA,NA,NA,NA,0.78380465113628,1.01511230795922,NA,NA,NA,NA,NA,NA,NA,NA,NA,NA,NA,NA,NA,NA,-2.27274990013927,0.490775368919133,NA,NA,NA,NA,NA,NA,NA,NA,NA,NA,NA,NA,-2.17271439109682,1.17252109246263,0,25.1967056334731,87.1128230454601,4,61,182.22564609092,6.26086541283649,0.00699225431332875,NA,0.952683046882747,NA,NA,NA,NA,NA,NA,NA,NA,NA,NA,NA,NA,NA,NA,NA
"70","YAN.species.YAN.Leopardus pardalis",NA,NA,NA,NA,NA,NA,NA,NA,NA,NA,NA,NA,NA,NA,NA,NA,NA,NA,NA,NA,NA,NA,NA,NA,NA,NA,NA,NA,NA,NA,NA,NA,NA,NA,NA,NA,NA,NA,NA,NA,NA,NA,NA,NA,NA,NA,NA,NA,NA,NA,NA,NA,NA,NA,NA,NA,NA,NA,NA,NA,NA,NA,NA,NA,NA,"YAN.species.YAN.Leopardus pardalis",NA,NA,NA,NA,NA,NA,NA,NA,NA,NA,NA,NA,NA,NA
"71","YAN.species.YAN.Mazama americana","YAN.species.YAN.Mazama americana","6","~Elevation ~ Tmax ~ 1 ~ Tmax",NA,NA,NA,NA,-2.86865755718915,0.762182058638517,NA,NA,0.866957827048257,0.529760856743902,NA,NA,NA,NA,NA,NA,NA,NA,NA,NA,-2.07428401293766,1.40125147443103,NA,NA,NA,NA,NA,NA,NA,NA,NA,NA,NA,NA,NA,NA,-2.33640570312885,0.3522988385861,NA,NA,0.678173962922035,0.278020344578915,NA,NA,NA,NA,NA,NA,-11.1930985921893,7.73725125997607,-13.8708780560746,9.3864146230795,0,4926.01499433079,91.4504764286721,7,61,196.900952857344,0,0.189645854714962,NA,0.189645854714962,NA,NA,NA,NA,NA,NA,NA,NA,NA,NA,NA,NA,NA,NA,NA
"72","YAN.species.YAN.Mazama americana","YAN.species.YAN.Mazama americana","1","~1 ~ 1 ~ 1 ~ 1",NA,NA,NA,NA,-2.48138806221451,0.544148978762353,NA,NA,NA,NA,NA,NA,NA,NA,NA,NA,NA,NA,NA,NA,-1.57972743356982,1.28731625483883,NA,NA,NA,NA,NA,NA,NA,NA,NA,NA,NA,NA,NA,NA,-1.79621361370794,0.332493824563232,NA,NA,NA,NA,NA,NA,NA,NA,NA,NA,NA,NA,-1.86089343219558,0.777217611214923,0,25.9562778351541,99.7915934137286,4,61,207.583186827457,10.6822339701129,0.000908501650229884,NA,0.995066353234323,NA,NA,NA,NA,NA,NA,NA,NA,NA,NA,NA,NA,NA,NA,NA
"73","YAN.species.YAN.Nasua nasua","YAN.species.YAN.Nasua nasua","11","~Elevation ~ 1 ~ Biotic + Tmin ~ Biotic + Tmin",NA,NA,NA,NA,-2.28682132101016,0.646244912499711,NA,NA,NA,NA,NA,NA,NA,NA,NA,NA,NA,NA,-2.4706037853869,1.45905370136009,-2.81364680063619,1.54928999067097,NA,NA,NA,NA,1.31434584858378,0.930632849780495,NA,NA,NA,NA,NA,NA,-0.347029387107536,0.224683598238671,-2.13414819819236,0.224541611963007,NA,NA,NA,NA,-0.343405159253238,0.222757720130107,NA,NA,NA,NA,3.38070308155431,1.79114287311172,2.05565069960448,1.83337798687209,0,268.484628403237,146.126674613728,9,61,310.253349227456,0,0.284587620513203,NA,0.284587620513203,NA,NA,NA,NA,NA,NA,NA,NA,NA,NA,NA,NA,NA,NA,NA
"74","YAN.species.YAN.Nasua nasua","YAN.species.YAN.Nasua nasua","1","~1 ~ 1 ~ 1 ~ 1",NA,NA,NA,NA,-3.26321854992978,3.73437579963106,NA,NA,NA,NA,NA,NA,NA,NA,NA,NA,NA,NA,NA,NA,-2.60187934649823,2.03111652174997,NA,NA,NA,NA,NA,NA,NA,NA,NA,NA,NA,NA,NA,NA,-2.3360507986468,0.279477209450049,NA,NA,NA,NA,NA,NA,NA,NA,NA,NA,NA,NA,0.376110889914409,0.774360692487152,0,474.59790338617,157.051543566178,4,61,322.103087132355,11.8497379048997,0.00076046304188883,NA,0.998672338579486,NA,NA,NA,NA,NA,NA,NA,NA,NA,NA,NA,NA,NA,NA,NA
"75","YAN.species.YAN.Pecari tajacu",NA,NA,NA,NA,NA,NA,NA,NA,NA,NA,NA,NA,NA,NA,NA,NA,NA,NA,NA,NA,NA,NA,NA,NA,NA,NA,NA,NA,NA,NA,NA,NA,NA,NA,NA,NA,NA,NA,NA,NA,NA,NA,NA,NA,NA,NA,NA,NA,NA,NA,NA,NA,NA,NA,NA,NA,NA,NA,NA,NA,NA,NA,NA,NA,NA,"YAN.species.YAN.Pecari tajacu",NA,NA,NA,NA,NA,NA,NA,NA,NA,NA,NA,NA,NA,NA
"76","YAN.species.YAN.Sciurus spadiceus",NA,NA,NA,NA,NA,NA,NA,NA,NA,NA,NA,NA,NA,NA,NA,NA,NA,NA,NA,NA,NA,NA,NA,NA,NA,NA,NA,NA,NA,NA,NA,NA,NA,NA,NA,NA,NA,NA,NA,NA,NA,NA,NA,NA,NA,NA,NA,NA,NA,NA,NA,NA,NA,NA,NA,NA,NA,NA,NA,NA,NA,NA,NA,NA,NA,"YAN.species.YAN.Sciurus spadiceus",NA,NA,NA,NA,NA,NA,NA,NA,NA,NA,NA,NA,NA,NA
"77","YAN.species.YAN.Tapirus terrestris","YAN.species.YAN.Tapirus terrestris","21","~1 ~ Biotic ~ 1 ~ Biotic",NA,NA,4.17061614356295,3.89151583531514,-5.18460075880892,3.52022232959616,NA,NA,NA,NA,NA,NA,NA,NA,NA,NA,NA,NA,NA,NA,-1.21395003054831,0.449139178452911,NA,NA,NA,NA,NA,NA,NA,NA,NA,NA,NA,NA,-0.135294636019825,0.155152294065764,-1.58380461792511,0.1582953278712,NA,NA,NA,NA,NA,NA,NA,NA,NA,NA,NA,NA,1.10356021833512,0.709396333320282,0,1432.88224970498,231.184581100482,6,61,474.369162200963,0,0.103860118241032,NA,0.103860118241032,NA,NA,NA,NA,NA,NA,NA,NA,NA,NA,NA,NA,NA,NA,NA
"78","YAN.species.YAN.Tapirus terrestris","YAN.species.YAN.Tapirus terrestris","1","~1 ~ 1 ~ 1 ~ 1",NA,NA,NA,NA,-1.74531029642915,0.58321944678319,NA,NA,NA,NA,NA,NA,NA,NA,NA,NA,NA,NA,NA,NA,-0.851161645628993,0.48979519499795,NA,NA,NA,NA,NA,NA,NA,NA,NA,NA,NA,NA,NA,NA,-1.43676630712687,0.180780959668991,NA,NA,NA,NA,NA,NA,NA,NA,NA,NA,NA,NA,0.721802294224549,0.634048621828923,0,20.1876045104733,233.970377498314,4,61,475.940754996627,1.571592795664,0.0473349337058745,NA,0.331172040875933,NA,NA,NA,NA,NA,NA,NA,NA,NA,NA,NA,NA,NA,NA,NA
"79","NAK.species.NAK.Atherurus macrourus","NAK.species.NAK.Atherurus macrourus","4","~1 ~ 1 ~ Tmin ~ Tmin",NA,NA,NA,NA,0.633659307002197,0.877017298311797,NA,NA,NA,NA,NA,NA,NA,NA,NA,NA,NA,NA,NA,NA,-1.21979697648344,0.558895846439617,NA,NA,NA,NA,-0.460634601478367,0.658004727594283,NA,NA,NA,NA,NA,NA,NA,NA,-1.05780553827808,0.164598162370871,NA,NA,NA,NA,-0.435678332494931,0.168014560762559,NA,NA,NA,NA,NA,NA,0.0552581693998177,0.517716617537776,0,43.6218691508081,229.482278129182,6,60,470.964556258364,0,0.11524548949786,NA,0.11524548949786,NA,NA,NA,NA,NA,NA,NA,NA,NA,NA,NA,NA,NA,NA,NA
"80","NAK.species.NAK.Atherurus macrourus","NAK.species.NAK.Atherurus macrourus","1","~1 ~ 1 ~ 1 ~ 1",NA,NA,NA,NA,0.183703593548155,0.725388805929161,NA,NA,NA,NA,NA,NA,NA,NA,NA,NA,NA,NA,NA,NA,-1.25502661081868,0.6375871772752,NA,NA,NA,NA,NA,NA,NA,NA,NA,NA,NA,NA,NA,NA,-1.08404057862249,0.171968006641349,NA,NA,NA,NA,NA,NA,NA,NA,NA,NA,NA,NA,0.090161402887971,0.540707309273758,0,34.0131945933767,233.074539083448,4,60,474.149078166896,3.18452190853196,0.0234484311366728,NA,0.755195337548287,NA,NA,NA,NA,NA,NA,NA,NA,NA,NA,NA,NA,NA,NA,NA
"81","NAK.species.NAK.Macaca leonina",NA,NA,NA,NA,NA,NA,NA,NA,NA,NA,NA,NA,NA,NA,NA,NA,NA,NA,NA,NA,NA,NA,NA,NA,NA,NA,NA,NA,NA,NA,NA,NA,NA,NA,NA,NA,NA,NA,NA,NA,NA,NA,NA,NA,NA,NA,NA,NA,NA,NA,NA,NA,NA,NA,NA,NA,NA,NA,NA,NA,NA,NA,NA,NA,NA,"NAK.species.NAK.Macaca leonina",NA,NA,NA,NA,NA,NA,NA,NA,NA,NA,NA,NA,NA,NA
"82","NAK.species.NAK.Paradoxurus hermaphroditus","NAK.species.NAK.Paradoxurus hermaphroditus","1","~1 ~ 1 ~ 1 ~ 1",NA,NA,NA,NA,-0.618195615398123,1.37571029847257,NA,NA,NA,NA,NA,NA,NA,NA,NA,NA,NA,NA,NA,NA,1.46171996615449,4.21267214574415,NA,NA,NA,NA,NA,NA,NA,NA,NA,NA,NA,NA,NA,NA,-2.71813787700412,1.0620709211832,NA,NA,NA,NA,NA,NA,NA,NA,NA,NA,NA,NA,-1.68215767404311,1.47038690016525,0,167.48236808672,44.7374714817393,4,60,97.4749429634786,0,0.147482383201382,NA,0.147482383201382,NA,NA,NA,NA,NA,NA,NA,NA,NA,NA,NA,NA,NA,NA,NA
"83","NAK.species.NAK.Sus scrofa","NAK.species.NAK.Sus scrofa","17","~1 ~ Tmax + Biotic ~ 1 ~ Tmax + Biotic",NA,NA,-1.62219264831133,1.10094226021097,0.794451750114962,1.41828375067641,NA,NA,0.534526869674656,1.06826277542866,NA,NA,NA,NA,NA,NA,NA,NA,NA,NA,0.758386106271911,0.990266422659654,NA,NA,NA,NA,NA,NA,NA,NA,NA,NA,NA,NA,0.154632800642078,0.366242078213303,-2.17318641274387,0.399348419040876,NA,NA,0.723917716735747,0.315581315315251,NA,NA,NA,NA,NA,NA,NA,NA,-1.39227439056977,0.861649178894061,0,86.8031947836179,99.2473425987142,8,60,214.494685197428,0,0.0855917530306837,NA,0.0855917530306837,NA,NA,NA,NA,NA,NA,NA,NA,NA,NA,NA,NA,NA,NA,NA
"84","NAK.species.NAK.Sus scrofa","NAK.species.NAK.Sus scrofa","1","~1 ~ 1 ~ 1 ~ 1",NA,NA,NA,NA,1.11253138008642,2.67660021657215,NA,NA,NA,NA,NA,NA,NA,NA,NA,NA,NA,NA,NA,NA,1.18585514721794,0.921915515378413,NA,NA,NA,NA,NA,NA,NA,NA,NA,NA,NA,NA,NA,NA,-1.96805687541205,0.507173868828259,NA,NA,NA,NA,NA,NA,NA,NA,NA,NA,NA,NA,-1.6446715586585,0.854318107343329,0,164.115106069812,103.418440696915,4,60,214.836881393829,0.342196196401005,0.0721314996481188,NA,0.243315005709486,NA,NA,NA,NA,NA,NA,NA,NA,NA,NA,NA,NA,NA,NA,NA
"85","NAK.species.NAK.Tragulus kanchil","NAK.species.NAK.Tragulus kanchil","17","~Elevation ~ Tmax + Biotic ~ 1 ~ Tmax + Biotic",NA,NA,-18.6794140427749,11.2248550653072,-5.86891860535069,2.94925780947948,NA,NA,2.84489137586217,2.12560098510635,NA,NA,NA,NA,NA,NA,NA,NA,NA,NA,0.0120431238956988,0.641641018790963,NA,NA,NA,NA,NA,NA,NA,NA,NA,NA,NA,NA,0.806190430571103,0.816913421692331,-1.79235756736046,0.694976859138384,NA,NA,1.63126723170001,0.467235225409099,NA,NA,NA,NA,NA,NA,-1.493614303355,1.11495700821097,-2.07412795564001,1.14423580949093,0,3140.0939704928,57.4090186111713,9,60,132.818037222343,0,0.438230058535347,NA,0.438230058535347,NA,NA,NA,NA,NA,NA,NA,NA,NA,NA,NA,NA,NA,NA,NA
"86","NAK.species.NAK.Tragulus kanchil","NAK.species.NAK.Tragulus kanchil","1","~1 ~ 1 ~ 1 ~ 1",NA,NA,NA,NA,-1.8580595348281,0.367061480858136,NA,NA,NA,NA,NA,NA,NA,NA,NA,NA,NA,NA,NA,NA,1.63126634773598,1.0714989318543,NA,NA,NA,NA,NA,NA,NA,NA,NA,NA,NA,NA,NA,NA,-0.130865770078879,0.290766158925982,NA,NA,NA,NA,NA,NA,NA,NA,NA,NA,NA,NA,-2.94454098762063,1.03440189828316,0,15.4047722484618,75.5414033193268,4,60,159.082806638654,26.2647694163109,8.6772068386224e-07,NA,0.999998097199108,NA,NA,NA,NA,NA,NA,NA,NA,NA,NA,NA,NA,NA,NA,NA
"87","RNF.species.RNF.Cryptoprocta ferox",NA,NA,NA,NA,NA,NA,NA,NA,NA,NA,NA,NA,NA,NA,NA,NA,NA,NA,NA,NA,NA,NA,NA,NA,NA,NA,NA,NA,NA,NA,NA,NA,NA,NA,NA,NA,NA,NA,NA,NA,NA,NA,NA,NA,NA,NA,NA,NA,NA,NA,NA,NA,NA,NA,NA,NA,NA,NA,NA,NA,NA,NA,NA,NA,NA,"RNF.species.RNF.Cryptoprocta ferox",NA,NA,NA,NA,NA,NA,NA,NA,NA,NA,NA,NA,NA,NA
"88","RNF.species.RNF.Fossa fossana","RNF.species.RNF.Fossa fossana","31","~Elevation ~ 1 ~ Biotic + Tmin ~ Biotic + Tmin",NA,NA,NA,NA,-0.301334717334107,0.528581105080332,NA,NA,NA,NA,NA,NA,NA,NA,NA,NA,NA,NA,-1.52046332906792,0.996988624495967,-3.97115275816498,1.73514245287784,NA,NA,NA,NA,0.591335799626177,1.04251067945118,NA,NA,NA,NA,NA,NA,-0.217094777189041,0.107183737161657,-0.675714866674594,0.142808714251863,NA,NA,NA,NA,-0.74757190546341,0.139465421960438,NA,NA,NA,NA,-1.94299679986996,1.04632965606318,1.60842817837991,0.854401012107211,0,539.855295889836,292.101331128903,9,60,602.202662257805,0,0.147148690736946,NA,0.147148690736946,NA,NA,NA,NA,NA,NA,NA,NA,NA,NA,NA,NA,NA,NA,NA
"89","RNF.species.RNF.Fossa fossana","RNF.species.RNF.Fossa fossana","1","~1 ~ 1 ~ 1 ~ 1",NA,NA,NA,NA,-0.122628755193376,0.508934479244408,NA,NA,NA,NA,NA,NA,NA,NA,NA,NA,NA,NA,NA,NA,-2.16537929147918,0.547423904709508,NA,NA,NA,NA,NA,NA,NA,NA,NA,NA,NA,NA,NA,NA,-0.273608165354958,0.116168504715609,NA,NA,NA,NA,NA,NA,NA,NA,NA,NA,NA,NA,0.539487753899825,0.409189914112917,0,29.7246228422093,315.517190327597,4,60,639.034380655193,36.8317183973882,1.47859887966062e-09,NA,0.999999995864333,NA,NA,NA,NA,NA,NA,NA,NA,NA,NA,NA,NA,NA,NA,NA
"90","RNF.species.RNF.Galidia elegans","RNF.species.RNF.Galidia elegans","13","~1 ~ Biotic ~ 1 ~ Biotic",NA,NA,-4.96635606086281,4.8369420144394,-4.53755870762483,2.84684766960528,NA,NA,NA,NA,NA,NA,NA,NA,NA,NA,NA,NA,NA,NA,-1.29549045466328,0.609139828370773,NA,NA,NA,NA,NA,NA,NA,NA,NA,NA,NA,NA,0.186637838661001,0.280900999076694,-1.72271275514472,0.240058061289946,NA,NA,NA,NA,NA,NA,NA,NA,NA,NA,NA,NA,0.135642097677355,0.519449632273507,0,737.271353517286,125.543501139781,6,60,263.087002279562,0,0.0841155428480144,NA,0.0841155428480144,NA,NA,NA,NA,NA,NA,NA,NA,NA,NA,NA,NA,NA,NA,NA
"91","RNF.species.RNF.Galidia elegans","RNF.species.RNF.Galidia elegans","1","~1 ~ 1 ~ 1 ~ 1",NA,NA,NA,NA,-1.56579148877423,1.21556213845518,NA,NA,NA,NA,NA,NA,NA,NA,NA,NA,NA,NA,NA,NA,-0.23677104709288,1.39263892281191,NA,NA,NA,NA,NA,NA,NA,NA,NA,NA,NA,NA,NA,NA,-1.61814444186033,0.348379881139705,NA,NA,NA,NA,NA,NA,NA,NA,NA,NA,NA,NA,0.430733070839065,0.672764165513506,0,75.0385820425298,128.349982425037,4,60,264.699964850074,1.61296257051146,0.0375513781225092,NA,0.541275077418381,NA,NA,NA,NA,NA,NA,NA,NA,NA,NA,NA,NA,NA,NA,NA
"92","RNF.species.RNF.Galidictis fasciata",NA,NA,NA,NA,NA,NA,NA,NA,NA,NA,NA,NA,NA,NA,NA,NA,NA,NA,NA,NA,NA,NA,NA,NA,NA,NA,NA,NA,NA,NA,NA,NA,NA,NA,NA,NA,NA,NA,NA,NA,NA,NA,NA,NA,NA,NA,NA,NA,NA,NA,NA,NA,NA,NA,NA,NA,NA,NA,NA,NA,NA,NA,NA,NA,NA,NA,NA,NA,NA,NA,NA,NA,NA,NA,NA,NA,NA,NA,NA,NA
"93","RNF.species.RNF.Nesomys rufus","RNF.species.RNF.Nesomys rufus","21","~1 ~ Biotic ~ 1 ~ Biotic",NA,NA,0.85075430469836,0.86359036277029,-0.639016614850382,0.668468931441487,NA,NA,NA,NA,NA,NA,NA,NA,NA,NA,NA,NA,NA,NA,-0.520897983730072,0.428196985339392,NA,NA,NA,NA,NA,NA,NA,NA,NA,NA,NA,NA,-0.287943211986293,0.132629984961382,-0.809769220530619,0.15995799170523,NA,NA,NA,NA,NA,NA,NA,NA,NA,NA,NA,NA,1.26122762508737,0.590550823318498,0,65.896818366747,241.829161411844,6,60,495.658322823688,0,0.0610951596890329,NA,0.0610951596890329,NA,NA,NA,NA,NA,NA,NA,NA,NA,NA,NA,NA,NA,NA,NA
"94","RNF.species.RNF.Nesomys rufus","RNF.species.RNF.Nesomys rufus","1","~1 ~ 1 ~ 1 ~ 1",NA,NA,NA,NA,-0.824699911822619,0.556189912942905,NA,NA,NA,NA,NA,NA,NA,NA,NA,NA,NA,NA,NA,NA,-0.412372582960319,0.435278890955889,NA,NA,NA,NA,NA,NA,NA,NA,NA,NA,NA,NA,NA,NA,-0.706186733678326,0.150084669937087,NA,NA,NA,NA,NA,NA,NA,NA,NA,NA,NA,NA,1.1739403968326,0.568905901192926,0,20.405299565199,244.50095227544,4,60,497.001904550879,1.34358172719089,0.0312069797568649,NA,0.30337488749028,NA,NA,NA,NA,NA,NA,NA,NA,NA,NA,NA,NA,NA,NA,NA
"95","RNF.species.RNF.Potamochoerus larvatus","RNF.species.RNF.Potamochoerus larvatus","1","~1 ~ 1 ~ 1 ~ 1",NA,NA,NA,NA,-1.23539249328837,0.670710382281298,NA,NA,NA,NA,NA,NA,NA,NA,NA,NA,NA,NA,NA,NA,-2.81182400134223,5.04424356353563,NA,NA,NA,NA,NA,NA,NA,NA,NA,NA,NA,NA,NA,NA,-2.23732917295112,0.485071540843907,NA,NA,NA,NA,NA,NA,NA,NA,NA,NA,NA,NA,-2.53379086151181,1.11387962465754,0,402.729405494358,75.3956785342117,4,60,158.791357068423,0,0.205240292397091,NA,0.205240292397091,NA,NA,NA,NA,NA,NA,NA,NA,NA,NA,NA,NA,NA,NA,NA
"96","RNF.species.RNF.Rattus rattus",NA,NA,NA,NA,NA,NA,NA,NA,NA,NA,NA,NA,NA,NA,NA,NA,NA,NA,NA,NA,NA,NA,NA,NA,NA,NA,NA,NA,NA,NA,NA,NA,NA,NA,NA,NA,NA,NA,NA,NA,NA,NA,NA,NA,NA,NA,NA,NA,NA,NA,NA,NA,NA,NA,NA,NA,NA,NA,NA,NA,NA,NA,NA,NA,NA,"RNF.species.RNF.Rattus rattus",NA,NA,NA,NA,NA,NA,NA,NA,NA,NA,NA,NA,NA,NA
"97","RNF.species.RNF.Tenrec ecaudatus",NA,NA,NA,NA,NA,NA,NA,NA,NA,NA,NA,NA,NA,NA,NA,NA,NA,NA,NA,NA,NA,NA,NA,NA,NA,NA,NA,NA,NA,NA,NA,NA,NA,NA,NA,NA,NA,NA,NA,NA,NA,NA,NA,NA,NA,NA,NA,NA,NA,NA,NA,NA,NA,NA,NA,NA,NA,NA,NA,NA,NA,NA,NA,NA,NA,NA,NA,NA,NA,NA,NA,NA,NA,NA,NA,NA,NA,NA,NA,NA
